{
    "foreground_intensity_properties_per_channel": {
        "0": {
            "max": 0.20907321572303772,
            "mean": 0.12136194109916687,
            "median": 0.13504701852798462,
            "min": -0.019550032913684845,
            "percentile_00_5": -0.008011274971067905,
            "percentile_99_5": 0.19164283573627472,
            "std": 0.04590386152267456
        }
    },
    "median_relative_size_after_cropping": 1.0,
    "shapes_after_crop": [
        [
            256,
            256,
            256
        ],
        [
            256,
            256,
            256
        ]
    ],
    "spacings": [
        [
            1.0,
            1.0,
            1.0
        ],
        [
            1.0,
            1.0,
            1.0
        ]
    ]
}